{
    "name": "allspells5e",
    "title": "All Spells 5e",
    "description": "All the spells from PHB, SCAG, amd XGE",
    "version": "v0.1",
    "minimumCoreVersion": "0.4.7",
    "author": "Ed Stevens (vectner@gmail.com)",
    "packs": [
        {
      "name": "spellsscag",
      "label": "Spells (SCAG)",
      "path": "packs/spellsscag.db",
      "entity": "Item",
      "package": "world"
    	},
        {
      "name": "spellsphb",
      "label": "Spells (PHB)",
      "path": "packs/spellsphb.db",
      "entity": "Item",
      "package": "world"
    },
    {
      "name": "spellsxge",
      "label": "Spells (XGE)",
      "path": "packs/spellsxge.db",
      "entity": "Item",
      "package": "world"
    }
    ],
    "url": "https://github.com/vectner/allspells5e",
    "manifest": "https://raw.githubusercontent.com/vectner/allspells5e/master/module.json",
    "download": "https://github.com/vectner/allspells5e/blob/master/allspells5e.zip"
}
